filePath1,filePath2,file1,file2,outFile
./,../expected/linux/,nmScatterPlot1.png,nmScatterPlot1.png,_nmScatterPlot1.png
./,../expected/linux/,nmScatterPlot2.png,nmScatterPlot2.png,_nmScatterPlot2.png
./,../expected/linux/,nmScatterPlot3.png,nmScatterPlot3.png,_nmScatterPlot3.png
./,../expected/linux/,nmScatterPlot4.png,nmScatterPlot4.png,_nmScatterPlot4.png
./,../expected/linux/,nmScatterPlot5.png,nmScatterPlot5.png,_nmScatterPlot5.png
./,../expected/linux/,nmScatterPlot6.png,nmScatterPlot6.png,_nmScatterPlot6.png
./,../expected/linux/,nmScatterPlot7.png,nmScatterPlot7.png,_nmScatterPlot7.png
./,../expected/linux/,nmScatterPlot8.png,nmScatterPlot8.png,_nmScatterPlot8.png
./,../expected/linux/,nmScatterPlot9.png,nmScatterPlot9.png,_nmScatterPlot9.png
./,../expected/linux/,nmScatterPlot10.png,nmScatterPlot10.png,_nmScatterPlot10.png
./,../expected/linux/,nmScatterPlot11.png,nmScatterPlot11.png,_nmScatterPlot11.png
./,../expected/linux/,nmScatterPlot12.png,nmScatterPlot12.png,_nmScatterPlot12.png
./,../expected/linux/,nmScatterPlot13.png,nmScatterPlot13.png,_nmScatterPlot13.png
./,../expected/linux/,nmScatterPlot14.png,nmScatterPlot14.png,_nmScatterPlot14.png
./,../expected/linux/,nmScatterPlot15.png,nmScatterPlot15.png,_nmScatterPlot15.png
./,../expected/linux/,nmScatterPlot16.png,nmScatterPlot16.png,_nmScatterPlot16.png
./,../expected/linux/,nmScatterPlot17.png,nmScatterPlot17.png,_nmScatterPlot17.png
./,../expected/linux/,nmScatterPlot18.png,nmScatterPlot18.png,_nmScatterPlot18.png
./,../expected/linux/,nmScatterPlot19.png,nmScatterPlot19.png,_nmScatterPlot19.png
./,../expected/linux/,nmScatterPlot20.png,nmScatterPlot20.png,_nmScatterPlot20.png
./,../expected/linux/,nmScatterPlot21.png,nmScatterPlot21.png,_nmScatterPlot21.png
./,../expected/linux/,nmScatterPlot22.png,nmScatterPlot22.png,_nmScatterPlot22.png
./,../expected/linux/,nmQQNorm1.png,nmQQNorm1.png,_nmQQNorm1.png
./,../expected/linux/,nmQQNorm2.png,nmQQNorm2.png,_nmQQNorm2.png
./,../expected/linux/,nmQQNorm3.png,nmQQNorm3.png,_nmQQNorm3.png
./,../expected/linux/,nmQQNorm4.png,nmQQNorm4.png,_nmQQNorm4.png
./,../expected/linux/,nmQQNorm5.png,nmQQNorm5.png,_nmQQNorm5.png
./,../expected/linux/,nmQQNorm6.png,nmQQNorm6.png,_nmQQNorm6.png
./,../expected/linux/,nmQQNorm7.png,nmQQNorm7.png,_nmQQNorm7.png
./,../expected/linux/,nmQQNorm8.png,nmQQNorm8.png,_nmQQNorm8.png
./,../expected/linux/,nmBoxPlot1.png,nmBoxPlot1.png,_nmBoxPlot1.png
./,../expected/linux/,nmBoxPlot2.png,nmBoxPlot2.png,_nmBoxPlot2.png
./,../expected/linux/,nmBoxPlot3.png,nmBoxPlot3.png,_nmBoxPlot3.png
./,../expected/linux/,nmBoxPlot4.png,nmBoxPlot4.png,_nmBoxPlot4.png
./,../expected/linux/,nmBoxPlot5.png,nmBoxPlot5.png,_nmBoxPlot5.png
./,../expected/linux/,nmBoxPlot6.jpg,nmBoxPlot6.jpg,_nmBoxPlot6.jpg
./,../expected/linux/,nmBoxPlot7.jpg,nmBoxPlot7.jpg,_nmBoxPlot7.jpg
./,../expected/linux/,nmBoxPlot8.jpg,nmBoxPlot8.jpg,_nmBoxPlot8.jpg
./,../expected/linux/,nmBoxPlot9.jpg,nmBoxPlot9.jpg,_nmBoxPlot9.jpg
./,../expected/linux/,nmScatterMatrix1.png,nmScatterMatrix1.png,_nmScatterMatrix1.png
./,../expected/linux/,nmScatterMatrix2.png,nmScatterMatrix2.png,_nmScatterMatrix2.png
./,../expected/linux/,nmScatterMatrix3.png,nmScatterMatrix3.png,_nmScatterMatrix3.png
./,../expected/linux/,nmScatterMatrix4.png,nmScatterMatrix4.png,_nmScatterMatrix4.png
./,../expected/linux/,nmHistogram1.png,nmHistogram1.png,_nmHistogram1.png
./,../expected/linux/,nmHistogram2.png,nmHistogram2.png,_nmHistogram2.png
./,../expected/linux/,nmHistogram3.png,nmHistogram3.png,_nmHistogram3.png
./,../expected/linux/,nmHistogram4.png,nmHistogram4.png,_nmHistogram4.png
./,../expected/linux/,nmACPlot1.png,nmACPlot1.png,_nmACPlot1.png
./,../expected/linux/,nmBarChart1.png,nmBarChart1.png,_nmBarChart1.png
./,../expected/linux/,nmBarChart2.png,nmBarChart2.png,_nmBarChart2.png
./,../expected/linux/,nmDotPlot1.png,nmDotPlot1.png,_nmDotPlot1.png
./,../expected/linux/,nmDotPlot2.png,nmDotPlot2.png,_nmDotPlot2.png
./,../expected/linux/,nmDotPlot3.png,nmDotPlot3.png,_nmDotPlot3.png
./,../expected/linux/,nmDotPlot4.png,nmDotPlot4.png,_nmDotPlot4.png
./,../expected/linux/,nmDotPlot5.png,nmDotPlot5.png,_nmDotPlot5.png
./,../expected/linux/,nmDotPlot6.png,nmDotPlot6.png,_nmDotPlot6.png
./,../expected/linux/,nmDotPlot7.png,nmDotPlot7.png,_nmDotPlot7.png
./,../expected/linux/,timeEventPlots1.png,timeEventPlots1.png,_timeEventPlots1.png
./,../expected/linux/,timeEventPlots2.png,timeEventPlots2.png,_timeEventPlots2.png
./,../expected/linux/,nmScatterPlot_st1.png,nmScatterPlot_st1.png,_nmScatterPlot_st1.png
./,../expected/linux/,nmScatterPlot_st2.png,nmScatterPlot_st2.png,_nmScatterPlot_st2.png
./,../expected/linux/,nmScatterPlot_st3.png,nmScatterPlot_st3.png,_nmScatterPlot_st3.png
./,../expected/linux/,nmScatterPlot_st4.png,nmScatterPlot_st4.png,_nmScatterPlot_st4.png
./,../expected/linux/,nmScatterPlot_st5.png,nmScatterPlot_st5.png,_nmScatterPlot_st5.png
./,../expected/linux/,nmScatterPlot_st6.png,nmScatterPlot_st6.png,_nmScatterPlot_st6.png
./,../expected/linux/,nmScatterPlot_st7.png,nmScatterPlot_st7.png,_nmScatterPlot_st7.png
./,../expected/linux/,nmScatterPlot_st8.png,nmScatterPlot_st8.png,_nmScatterPlot_st8.png
./,../expected/linux/,nmScatterPlot_st9.png,nmScatterPlot_st9.png,_nmScatterPlot_st9.png
./,../expected/linux/,nmScatterPlot_st10.png,nmScatterPlot_st10.png,_nmScatterPlot_st10.png
./,../expected/linux/,nmScatterPlot_st11.png,nmScatterPlot_st11.png,_nmScatterPlot_st11.png
./,../expected/linux/,nmScatterPlot_st12.png,nmScatterPlot_st12.png,_nmScatterPlot_st12.png
./,../expected/linux/,nmScatterPlot_st13.png,nmScatterPlot_st13.png,_nmScatterPlot_st13.png
./,../expected/linux/,nmScatterPlot_st14.png,nmScatterPlot_st14.png,_nmScatterPlot_st14.png
./,../expected/linux/,nmScatterPlot_st15.png,nmScatterPlot_st15.png,_nmScatterPlot_st15.png
./,../expected/linux/,nmScatterPlot_st16.png,nmScatterPlot_st16.png,_nmScatterPlot_st16.png
./,../expected/linux/,nmScatterPlot_st17.png,nmScatterPlot_st17.png,_nmScatterPlot_st17.png
./,../expected/linux/,nmScatterPlot_st18.png,nmScatterPlot_st18.png,_nmScatterPlot_st18.png
./,../expected/linux/,nmScatterPlot_st19.png,nmScatterPlot_st19.png,_nmScatterPlot_st19.png
./,../expected/linux/,nmScatterPlot_st20.png,nmScatterPlot_st20.png,_nmScatterPlot_st20.png
./,../expected/linux/,nmScatterPlot_st21.png,nmScatterPlot_st21.png,_nmScatterPlot_st21.png
./,../expected/linux/,nmScatterPlot_st22.png,nmScatterPlot_st22.png,_nmScatterPlot_st22.png
./,../expected/linux/,nmQQNorm_st1.png,nmQQNorm_st1.png,_nmQQNorm_st1.png
./,../expected/linux/,nmQQNorm_st2.png,nmQQNorm_st2.png,_nmQQNorm_st2.png
./,../expected/linux/,nmQQNorm_st3.png,nmQQNorm_st3.png,_nmQQNorm_st3.png
./,../expected/linux/,nmQQNorm_st4.png,nmQQNorm_st4.png,_nmQQNorm_st4.png
./,../expected/linux/,nmQQNorm_st5.png,nmQQNorm_st5.png,_nmQQNorm_st5.png
./,../expected/linux/,nmQQNorm_st6.png,nmQQNorm_st6.png,_nmQQNorm_st6.png
./,../expected/linux/,nmQQNorm_st7.png,nmQQNorm_st7.png,_nmQQNorm_st7.png
./,../expected/linux/,nmQQNorm_st8.png,nmQQNorm_st8.png,_nmQQNorm_st8.png
./,../expected/linux/,nmBoxPlot_st1.png,nmBoxPlot_st1.png,_nmBoxPlot_st1.png
./,../expected/linux/,nmBoxPlot_st2.png,nmBoxPlot_st2.png,_nmBoxPlot_st2.png
./,../expected/linux/,nmBoxPlot_st3.png,nmBoxPlot_st3.png,_nmBoxPlot_st3.png
./,../expected/linux/,nmBoxPlot_st4.png,nmBoxPlot_st4.png,_nmBoxPlot_st4.png
./,../expected/linux/,nmBoxPlot_st5.png,nmBoxPlot_st5.png,_nmBoxPlot_st5.png
./,../expected/linux/,nmScatterMatrix_st1.png,nmScatterMatrix_st1.png,_nmScatterMatrix_st1.png
./,../expected/linux/,nmScatterMatrix_st2.png,nmScatterMatrix_st2.png,_nmScatterMatrix_st2.png
./,../expected/linux/,nmScatterMatrix_st3.png,nmScatterMatrix_st3.png,_nmScatterMatrix_st3.png
./,../expected/linux/,nmScatterMatrix_st4.png,nmScatterMatrix_st4.png,_nmScatterMatrix_st4.png
./,../expected/linux/,nmHistogram_st1.png,nmHistogram_st1.png,_nmHistogram_st1.png
./,../expected/linux/,nmHistogram_st2.png,nmHistogram_st2.png,_nmHistogram_st2.png
./,../expected/linux/,nmHistogram_st3.png,nmHistogram_st3.png,_nmHistogram_st3.png
./,../expected/linux/,nmHistogram_st4.png,nmHistogram_st4.png,_nmHistogram_st4.png
./,../expected/linux/,nmACPlot_st1.png,nmACPlot_st1.png,_nmACPlot_st1.png
./,../expected/linux/,nmBarChart_st1.png,nmBarChart_st1.png,_nmBarChart_st1.png
./,../expected/linux/,nmBarChart_st2.png,nmBarChart_st2.png,_nmBarChart_st2.png
./,../expected/linux/,nmDotPlot_st1.png,nmDotPlot_st1.png,_nmDotPlot_st1.png
./,../expected/linux/,nmDotPlot_st2.png,nmDotPlot_st2.png,_nmDotPlot_st2.png
./,../expected/linux/,nmDotPlot_st3.png,nmDotPlot_st3.png,_nmDotPlot_st3.png
./,../expected/linux/,nmDotPlot_st4.png,nmDotPlot_st4.png,_nmDotPlot_st4.png
./,../expected/linux/,nmDotPlot_st5.png,nmDotPlot_st5.png,_nmDotPlot_st5.png
./,../expected/linux/,nmDotPlot_st6.png,nmDotPlot_st6.png,_nmDotPlot_st6.png
./,../expected/linux/,nmDotPlot_st7.png,nmDotPlot_st7.png,_nmDotPlot_st7.png
./,../expected/linux/,timeEventPlots_st1.png,timeEventPlots_st1.png,_timeEventPlots_st1.png
./,../expected/linux/,timeEventPlots_st2.png,timeEventPlots_st2.png,_timeEventPlots_st2.png
